;Andromeda - Taklampa;Pris 26;Nytt pris
36124-30S-000;Olivgrön RAL 6003 struktur;105482;110756,1
36124-88S-000;Röd RAL 3001 struktur;105482;110756,1
36124-01S-000;Vit RAL 9016 struktur;105482;110756,1
50339;LED E14 2700 K 350 lm CRI>90;157;164,85
50282-L;LED E14 2700K 470lm CRI >90;115;120,75
;;;
;Aria - Golvlampa;;
39038-15-035;Svart RAL 9005, Svart linnetextil;8028;
39038-76-030;Rostfritt stål, Vit linnetextil;9976;
50300;LED E27 2700K 806lm CRI >80;134;
;;;
;Boa - Taklampa;;
35868-15-000;Svart läder;6980;
;;;
;Bow - Golvlampa;;
;Stor;;
39092-15-L03;Svart stativ. Gul Ochre skärm;8820;
39092-15-L06;Svart stativ. White Cream skärm;8820;
39092-15-L10;Svart stativ. Midnight Blue skärm;8820;
39092-15-L13;Svart stativ. Emerald Green skärm;8820;
39092-72-L03;Stativ i rå mässing. Yellow Ochre skärm;9100;
39092-72-L06;Stativ i rå mässing. Cream White skärm;9100;
39092-72-L10;Stativ i rå mässing. Midnight blue skärm;9100;
39092-72-L13;Stativ i rå mässing. Emerald Green skärm;9100;
50300;LED E27 2700K 806lm CRI >80;134;
;;;
;Liten;;
39092-15-S03;Svart stativ. Gul Ochre skärm;7450;
39092-15-S06;Svart stativ. White Cream skärm;7450;
39092-15-S10;Svart stativ. Midnight Blue skärm;7450;
39092-15-S13;Svart stativ. Emerald Green skärm;7450;
39092-72-S03;Stativ i rå mässing. Yellow Ochre skärm;7680;
39092-72-S06;Stativ i rå mässing. Cream White skärm;7680;
39092-72-S10;Stativ i rå mässing. Midnight blue skärm;7680;
39092-72-S13;Stativ i rå mässing. Emerald Green skärm;7680;
50300;LED E27 2700K 806lm CRI >80;134;
;;;
;Bow - Bordslampa;;
;Stativ i svartlack;;
38092-15-S03;Svart stativ. Gul Ochre skärm;5680;
38092-15-S06;Svart stativ. White Cream skärm;5680;
38092-15-S10;Svart stativ. Midnight Blue skärm;5680;
38092-15-S13;Svart stativ. Emerald Green skärm;5680;
50300;LED E27 2700K 806lm CRI >80;134;
;;;
;Rå mässing;;
38092-72-S03;Stativ i rå mässing. Yellow Ochre skärm;5980;
38092-72-S06;Stativ i rå mässing. Cream White skärm;5980;
38092-72-S10;Stativ i rå mässing. Midnight blue skärm;5980;
38092-72-S13;Stativ i rå mässing. Emerald Green skärm;5980;
50300;LED E27 2700K 806lm CRI >80;134;
;;;
;C627 - Utomhuslampa · Vägglampa;;
;Stor E27;;
30109F01S-000;Vit RAL 9016 struktur;5040;
30109F15S-000;Svart strukturlack RAL 9005;5040;
30109F69-000;Rå koppar;6051;
30109F72-000;Rå mässing;6213;
50328;LED E27 350lm, 2700 K CRI>90;134;
;;;
;Med fast LED;;
30109F01S-000-L;Vit strukturlack RAL 9016;5740;
30109F15S-000-L;Svart strukturlack RAL 9005;5740;
30109F69-000-L;Rå koppar;6751;
30109F72-000-L;Rå mässing;6913;
;;;
;Liten E27;;
30108F01S-000;Vit strukturlack RAL 9016;4160;
30108F15S-000;Svart strukturlack RAL 9005;4160;
30108F69-000;Rå koppar;4809;
30108F72-000;Rå mässing;5132;
50328;LED E27 350lm, 2700 K CRI>90;134;
;;;
;Liten fast LED;;
30108F01S-000-L;Vit strukturlack RAL 9016;4860;
30108F15S-000-L;Svart strukturlack RAL 9005;4860;
30108F69-000-L;Rå koppar;5509;
30108F72-000-L;Rå mässing;5832;
;;;
;Cake - Utomhuslampa;;
;Hög;;
39027-69-000-N;Rå koppar;7580;
39027-72-000-N;Rå mässing;7850;
P490;Jordstativ;380;
;;;
;Låg;;
39028-69-000-N;Rå koppar;7180;
39028-72-000-N;Rå mässing;7450;
P490;Jordstativ;380;
;;;
;Cirkus - Taklampa;;
35045-72-006;Naturligt oxiderad mässing, Skärm offwhite xorel naturell;33211;
35045-72-006-1;Naturligt oxiderad mässing, Skärm off-white xorel med flugor;41123;
50219-L;LED E27 2700K 1035lm CRI >90;308;
50339;LED E14 2700 K 350 lm CRI>90;157;
50324;LED E27 2700K 470lm CRI >80;107;
;;;
;Cuff - Golvlampa;;
39947-15S-A06;A Cuff;;10400
39947-15S-Q06;Q Cuff;;10400
;;;
;;;
;Essence - Bordslampa;;
38062-69-000;Rå koppar, Misty;6321;
38062-72-000;Rå mässing, Misty;6321;
38063-69-000;Rå koppar, Cloudy;6321;
38063-72-000;Rå mässing, Cloudy;6321;
R1009;Laddare 18W med USB-C kabel;302;
R1010;Grenkontakt 6-vägs;265;
;;;
;Galax - Golvlampa;;
39012-15S-000;Svart strukturlack RAL 9005;7785;
39012-72-000;Rå mässing;8726;
50219-L;LED E27 2700K 1035lm CRI >90;308;
50296;LED GU10 2700K 350lm CRI >90;140;
;;;
;Ginko - Taklampa;;
35050-01-000-L;Vit RAL 9010;7800;
35050-02-000-L;Varmgrå RAL 7032;7800;
35050-13-000-L;Tallgrön RAL 6028;7800;
35050-15-000-L;Mattsvart RAL 7016;7800;
;;;
;Hobo - Taklampa;;
;Stor;;
35870-72-019-N;Rå mässing;11010;
;;;
;Liten;;
35871-72-019;Rå mässing;10124;
;;;
;Hobo Lantern - Bordslampa;;
38871-72-019;Rå mässing;;
;Vit struktur RAL 9016;;
;;;
;Karamell - Taklampa;;
P36-42-1;Rå mässing;30759;
50339;LED E14 2700 K 350 lm CRI>90;157;
50324;LED E27 2700K 470lm CRI >80;107;
;;;
;Konkret - Taklampa;;
35865-19-000;Askfanér;5716;
50300;LED E27 2700K 806lm CRI >80;134;
;;;
;Kvist - Golvlampa;;
39030-55-000;Svart strukturlack RAL 9005, Rå stål;14858;
39030-69-000;Svart strukturlack RAL 9005, Rå koppar;15906;
39030-70-000;Svart strukturlack RAL 9005, Förnicklad mässing;20119;
39030-72-000;Svart strukturlack RAL 9005, Rå mässing;17264;
50339;LED E14 2700 K 350 lm CRI>90;157;
50282-L;LED E14 2700K 470lm CRI >90;115;
;;;
;Kvist - Taklampa;;
;4;;
36030-01S-000;Vit strukturlack RAL 9016;12911;
36030-15S-000;Svart strukturlack RAL 9005;12911;
36030-55-000;Rå stål;13444;
36030-69-000;Rå koppar;14492;
36030-70-000;Förnicklad mässing;18704;
36030-72-000;Rå mässing;15850;
50339;LED E14 2700 K 350 lm CRI>90;157;
50282-L;LED E14 2700K 470lm CRI >90;115;
P264;Krok C-formad vit struktur L=300;335;
P264-15S-300;Krok C-formad svart struktur L=300;335;
P264-69-300;Krok C-formad Rå koppar L=300;515;
P264-72-300;Krok C-formad Rå mässing L=300;619;
;;;
;6;;
36031-01S-000;Vit strukturlack RAL 9016;17138;
36031-15S-000;Svart strukturlack RAL 9005;17138;
36031-55-000;Rå stål;17994;
36031-69-000;Rå koppar;19213;
36031-70-000;Förnicklad mässing;24422;
36031-72-000;Rå mässing;20885;
50339;LED E14 2700 K 350 lm CRI>90;157;
50282-L;LED E14 2700K 470lm CRI >90;115;
P264;Krok C-formad vit struktur L=300;335;
P264-15S-300;Krok C-formad svart struktur L=300;335;
P264-69-300;Krok C-formad Rå koppar L=300;515;
P264-72-300;Krok C-formad Rå mässing L=300;619;
;;;
;16;;
P36-82;Vit strukturlack RAL 9016;101402;
P36-380;Svart strukturlack RAL 9005;101402;
P36-432;Rå stål;102336;
P36-14;Rå koppar;105922;
P36-227;Rå mässing;112662;
50339;LED E14 2700 K 350 lm CRI>90;157;
50282-L;LED E14 2700K 470lm CRI >90;115;
;;;
;Lean - Golvlampa;;
39372-15S-000;Svart strukturlack RAL 9005, Rå mässing;5200;
50300;LED E27 2700K 806lm CRI >80;134;
;;;
;Libreria - Bordslampa;;
38630-01S-019;Vit strukturlack RAL 9016, Opalglas;5892;
38630-15S-019;Svart strukturlack RAL 9005, Opalglas;5892;
38630-06S-019;Röd struktur RAL 3005, Opalglas;5892;
38630-10S-019;Blå struktur RAL 5002, Opalglas;5892;
50323;LED E27 2700K 250lm CRI >80;120;
50040-150-1;Glasskärm opalvit Ø150 mm (reserv);547;
;;;
;Libreria - Golvlampa;;
39630-01S-019;Vit strukturlack RAL 9016, Opalglas;9747;
39630-15S-019;Svart strukturlack RAL 9005, Opalglas;9747;
39630-06S-019;Röd struktur RAL 3005, Opalglas;9747;
39630-10S-019;Blå struktur RAL 5002, Opalglas;9747;
50302;LED matt E27 2700K 470lm CRI >80;121;
50040-300-1;Glasskärm opalvit Ø300 mm (reserv);937;
;;;
;Minipoint - Golvlampa;;
GX224-01-G;Vit RAL 9016 / Krom;4492;
GX224-15-G;Svart RAL 9005 / Krom;4492;
GX224-20-G;Krom;5398;
GX224-25-G;Mattborstad mässing;6419;
;;;
;Minipoint - Bordslampa;;
BX225-01-G;Vit RAL 9016;5481;
BX225-15-G;Svart RAL 9005;5481;
BX225-20-G;Krom;6593;
;;;
;Minipoint - Golvlampa;;
GX225-01-G;Vit RAL 9016;5801;
GX225-15-G;Svart RAL 9005;5801;
GX225-20-G;Krom;7155;
;;;
;Moon - Badrumslampa · Vägglampa;;
;Stor;;
30978F25-000;Borstad mässing;5760;
;;;
;Liten;;
30977F25-000;Borstad mässing;5359;
;;;
;Mushroom - Golvlampa;;
39950-01-000-N;Vit RAL 9010;6400;
39950-06-000-N;Röd RAL 2002 Blod orange;6985;
50304-D;LED E27 2700K 380lm CRI <80;133;
;;;
;Mushroom - Bordslampa;;
38950-01-000-N;Vit RAL 9010;5435;
38950-06-000-N;Röd RAL 2002 Blod orange;6198;
50304-D;LED E27 2700K 380lm CRI <80;133;
;;;
;Oxid - Utomhuslampa · Vägglampa;;
30083F01S-000;Vit strukturlack RAL 9016;4003;
30083F15S-000;Svart strukturlack RAL 9005;4003;
30083F69-000;Rå koppar;4759;
30083F72-000;Rå mässing;5141;
;;;
;Pebble - Taklampa;;
;Hög;;
35875-02-029-N;Varmgrått glas;5543;
35875-06-069-N;Oxblodsrött glas;5543;
35875-02-019-N;Opalglas;5543;
50038-029-K;Hög glasskärm  varmgrå (reserv);3067;
50038-069-K;Hög glasskärm oxblod (reserv);3067;
50038-019-K;Hög glasskärm opalglas (reserv);3067;
;;;
;Bred;;
35876-02-029-N;Varmgrått glas;5604;
35876-06-069-N;Oxblodsrött glas;5604;
35876-02-019-N;Opalglas;5604;
50039-029-K;Bred glasskärm varmgrå (reserv);3120;
50039-069-K;Bred glasskärm oxblod (reserv);3120;
50039-019-K;Bred glasskärm opalglas (reserv);3120;
;;;
;Pin - Badrumslampa · Vägglampa;;
30121F01-019-000;Matt opalglas;3490;
50320;LED E14 2700K 806lm CRI>90;143;
50034;Opalglas (reserv);1238;
;;;
;PJ - Taklampa;;
;52;;
PJ52-01;Vit RAL 9010;4916;
PJ52-02;Varmgrå RAL 7032;4916;
PJ52-06;Oxblod RAL 8015;4916;
PJ52-13;Tallgrön RAL 6028;4916;
PJ52-15;Mattsvart RAL 7016;4916;
50300;LED E27 2700K 806lm CRI >80;134;
;;;
;PJ - Bordslampa;;
PJ60-01;Vit RAL 9010;6101;
PJ60-02;Varmgrå RAL 7032;6101;
PJ60-06;Oxblod RAL 8015;6101;
PJ60-13;Tallgrön RAL 6028;6101;
PJ60-15;Mattsvart RAL 7016;6101;
50300;LED E27 2700K 806lm CRI >80;134;
;;;
;PJ - Bordslampa;;
PJ65-01;Vit RAL 9010;5668;
PJ65-02;Varmgrå RAL 7032;5668;
PJ65-06;Oxblod RAL 8015;5668;
PJ65-13;Tallgrön RAL 6028;5668;
PJ65-15;Mattsvart RAL 7016;5668;
50300;LED E27 2700K 806lm CRI >80;134;
;;;
;PJ - Vägglampa;;
;Utvändig kabel;;
PJ70-01;Vit RAL 9010;5730;
PJ70-02;Varmgrå RAL 7032;5730;
PJ70-06;Oxblod RAL 8015;5730;
PJ70-13;Tallgrön RAL 6028;5730;
PJ70-15;Mattsvart RAL 7016;5730;
50300;LED E27 2700K 806lm CRI >80;134;
;;;
;Fast montage;;
PJ70F01;Vit RAL 9010;6052;
PJ70F02;Varmgrå RAL 7032;6052;
PJ70F06;Oxblod RAL 8015;6052;
PJ70F13;Tallgrön RAL 6028;6052;
PJ70F15;Mattsvart RAL 7016;6052;
50300;LED E27 2700K 806lm CRI >80;134;
;;;
;PJ - Vägglampa;;
;Utvändig kabel;;
PJ71-01;Vit RAL 9010;4086;
PJ71-02;Varmgrå RAL 7032;4086;
PJ71-06;Oxblod RAL 8015;4086;
PJ71-13;Tallgrön RAL 6028;4086;
PJ71-15;Mattsvart RAL 7016;4086;
50300;LED E27 2700K 806lm CRI >80;134;
;;;
;Fast montage;;
PJ71F01;Vit RAL 9010;4428;
PJ71F02;Varmgrå RAL 7032;4428;
PJ71F06;Oxblod RAL 8015;4428;
PJ71F13;Tallgrön RAL 6028;4428;
PJ71F15;Mattsvart RAL 7016;4428;
50300;LED E27 2700K 806lm CRI >80;134;
;;;
;PJ - Vägglampa;;
;Utvändig kabel;;
PJ72-01;Vit RAL 9010;4882;
PJ72-02;Varmgrå RAL 7032;4882;
PJ72-06;Oxblod RAL 8015;4882;
PJ72-13;Tallgrön RAL 6028;4882;
PJ72-15;Mattsvart RAL 7016;4882;
50300;LED E27 2700K 806lm CRI >80;134;
;;;
;Fast montage;;
PJ72F01;Vit RAL 9010;5217;
PJ72F02;Varmgrå RAL 7032;5217;
PJ72F06;Oxblod RAL 8015;5217;
PJ72F13;Tallgrön RAL 6028;5217;
PJ72F15;Mattsvart RAL 7016;5217;
50300;LED E27 2700K 806lm CRI >80;134;
;;;
;PJ - Golvlampa;;
PJ80-01;Vit RAL 9010;7244;
PJ80-02;Varmgrå RAL 7032;7244;
PJ80-06;Oxblod RAL 8015;7244;
PJ80-13;Tallgrön RAL 6028;7244;
PJ80-15;Mattsvart RAL 7016;7244;
50300;LED E27 2700K 806lm CRI >80;134;
;;;
;Plissé - Bordslampa;;
38026-01-006;Vit textil;5891;
38026-10;Blå textil;5891;
38026-06;Röd textil;5891;
38026-03;Gul textil;5891;
38026-10-50;Pale Blue;5891;
50304-D;LED E27 2700K 380lm CRI <80;133;
;;;
;Precious - Taklampa;;
35024-90-000;Borstad mässing, Ull;4602;
50300;LED E27 2700K 806lm CRI >80;134;
;;;
;Puck - Golvlampa;;
39911-01S-000-G;Vit strukturlack RAL 9016;3894;
39911-02-000-G;Varmgrå RAL 7032;3894;
39911-15S-000-G;Svart strukturlack RAL 9005;3894;
39911-20-000-G;Krom;5690;
39911-25-000-G;Mattborstad mässing;4938;
;;;
;Puck - Taklampa;;
;3;;
36918-01S-000-G;Vit strukturlack RAL 9016;6338;
36918-20-000-G;Krom;8537;
36918-25-000-G;Mattborstad mässing;8071;
;;;
;5;;
36919-01S-000-G;Vit strukturlack RAL 9016;8239;
36919-20-000-G;Krom;11212;
36919-25-000-G;Mattborstad mässing;10508;
80100-01S-K;Vit krok för underhängande lampa (12 kilo);448;
80101-01S-K;Vit krok för underhängande lampa (30 kilo);1032;
;;;
;Puck - Vägglampa;;
30930-01S-000-G;Vit strukturlack RAL 9016;4025;
30930-20-000-G;Krom;5141;
30930-25-000-G;Mattborstad mässing;4812;
;;;
;Puck - Vägglampa;;
;Utvändig kabel;;
30911-01S-000-G;Vit strukturlack RAL 9016;2554;
30911-02-000-G;Varmgrå RAL 7032;2554;
30911-15S-000-G;Svart strukturlack RAL 9005;2554;
30911-20-000-G;Krom;3826;
30911-25-000-G;Mattborstad mässing;3273;
;;;
;Fast montage;;
30911FG01S-000;Vit strukturlack RAL 9016;2555;
30911FG02-000;Varmgrå RAL 7032;2555;
30911FG15S-000;Svart strukturlack RAL 9005;2555;
30911FG20-000;Krom;3826;
30911FG25-000;Mattborstad mässing;3272;
;;;
;Puck - Bordslampa;;
38911-01S-000-G;Vit strukturlack RAL 9016;3190;
38911-15S-000-G;Svart strukturlack RAL 9005;3190;
38911-20-000-G;Krom;4236;
38911-25-000-G;Mattborstad mässing;4047;
38911-02-000-G;Varmgrå RAL 7032;3190;
;;;
;Puck - Vägglampa;;
30914-01S-000-G;Vit strukturlack RAL 9016;4088;
30914-15S-000-G;Svart strukturlack RAL 9005;4088;
30914-20-000-G;Krom;5711;
30914-25-000-G;Mattborstad mässing;5362;
;;;
;Punkt - Tillbehör;;
;Takfäste;;
R1001-01;Vit RAL 9016;414;
R1001-15;Svart RAL 9005;414;
;;;
;Punkt - Tillbehör;;
;Takkopp;;
R1007-25;Borstad mässing;895;
R1007-15S;Svart strukturlack RAL 9005;495;
R1007-01S;Vit RAL 9016 struktur;495;
;;;
;Ranka - Taklampa;;
;5;;
36122-30S-000;Olivgrön RAL 6003 struktur;18748;
36122-88S-000;Röd RAL 3001 struktur;18748;
36122-01S-000;Vit RAL 9016 struktur;18748;
36122-72-000;Rå mässing;20900;
50339;LED E14 2700 K 350 lm CRI>90;157;
50282-L;LED E14 2700K 470lm CRI >90;115;
;;;
;7;;
36123-30S-000;Olivgrön RAL 6003 struktur;24313;
36123-88S-000;Röd RAL 3001 struktur;24313;
36123-01S-000;Vit RAL 9016 struktur;24313;
50339;LED E14 2700 K 350 lm CRI>90;157;
50282-L;LED E14 2700K 470lm CRI >90;115;
;;;
;Ray - Taklampa;;
;Medium;;
35068-72-1200;Extruderat glasrör, Detaljer i rå mässing;13453;
;;;
;Stor;;
35068-72-1500;Extruderat glasrör, Detaljer i rå mässing;14534;
;;;
;Ray - Vägglampa;;
;Medium;;
30068-25-500;Borstad mässing;5769;
30068-70-500;Förnicklad mässing;6245;
;;;
;Stor;;
30068-25-800;Borstad mässing;6245;
30068-70-800;Förnicklad mässing;6730;
;;;
;Skyline - Vägglampa;;
;Utvändig kabel;;
30861-72-000;Rå mässing;7619;
;;;
;Fast montage;;
30861F72-000;Rå mässing;7619;
;;;
;Skyline - Golvlampa;;
39861-72-000;Rå mässing;48517;
50337;LED E27 Filament 2700K 806lm CRI>90;124;
;;;
;Skyline - Taklampa;;
;Medium;;
35861-72-000;Rå mässing;34902;
50337;LED E27 Filament 2700K 806lm CRI>90;124;
;;;
;Stor;;
35860-72-000;Rå mässing;124156;
50337;LED E27 Filament 2700K 806lm CRI>90;124;
;;;
;Star - Taklampa · Vägglampa;;
;Ø60cm;;
35394-01S-000;Vit strukturlack RAL 9016;16173;
35394-15S-000;Svart strukturlack RAL 9005;16173;
35394-55-000;Rå stål;16732;
35394-69-000;Rå koppar;21213;
35394-70-000;Förnicklad mässing;25443;
35394-72-000;Rå mässing;22936;
50339;LED E14 2700 K 350 lm CRI>90;157;
50282-L;LED E14 2700K 470lm CRI >90;115;
;;;
;Ø100cm;;
35395-01S-000;Vit strukturlack RAL 9016;22933;
35395-15S-000;Svart strukturlack RAL 9005;22933;
35395-55-000;Rå stål;23669;
35395-69-000;Rå koppar;29875;
35395-70-000;Förnicklad mässing;35836;
35395-72-000;Rå mässing;32307;
50339;LED E14 2700 K 350 lm CRI>90;157;
50282-L;LED E14 2700K 470lm CRI >90;115;
;;;
;Star - Taklampa · Vägglampa;;
;3;;
35063-01S-000;Vit strukturlack RAL 9016;4707;
35063-15S-000;Svart strukturlack RAL 9005;4707;
35063-55-000;Rå stål;4795;
35063-69-000;Rå koppar;5523;
35063-70-000;Förnicklad mässing;7151;
35063-72-000;Rå mässing;5940;
50339;LED E14 2700 K 350 lm CRI>90;157;
50282-L;LED E14 2700K 470lm CRI >90;115;
PPP36-3000;Mässingsomtag med 3 meter vajer (per 2 st);824;
PPP30-3000;Kopparomtag med 3 meter vajer (per 2 st);580;
PPP35-3000;Förnicklat mässingsomtag med 3 meter vajer (per 2 st);971;
;;;
;6;;
35064-01S-000;Vit strukturlack RAL 9016;8030;
35064-15S-000;Svart strukturlack RAL 9005;8030;
35064-55-000;Rå stål;8118;
35064-69-000;Rå koppar;9701;
35064-70-000;Förnicklad mässing;12494;
35064-72-000;Rå mässing;10544;
50339;LED E14 2700 K 350 lm CRI>90;157;
50282-L;LED E14 2700K 470lm CRI >90;115;
PPP36-3000;Mässingsomtag med 3 meter vajer (per 2 st);824;
PPP30-3000;Kopparomtag med 3 meter vajer (per 2 st);580;
PPP35-3000;Förnicklat mässingsomtag med 3 meter vajer (per 2 st);971;
;;;
;Star - Taklampa · Vägglampa;;
;Fast montage;;
36397F01S-000;Vit strukturlack RAL 9016;2257;
36397F15S-000;Svart strukturlack RAL 9005;2257;
36397F55-000;Rå stål;2354;
36397F69-000;Rå koppar;2793;
36397F70-000;Förnicklad mässing;3544;
36397F72-000;Rå mässing;3077;
50339;LED E14 2700 K 350 lm CRI>90;157;
50282-L;LED E14 2700K 470lm CRI >90;115;
;;;
;Utvändig kabel;;
36397-01S-000;Vit strukturlack RAL 9016;3037;
36397-15S-000;Svart strukturlack RAL 9005;3037;
36397-55-000;Rå stål;3175;
36397-69-000;Rå koppar;3579;
36397-70-000;Förnicklad mässing;4436;
36397-72-000;Rå mässing;3957;
50339;LED E14 2700 K 350 lm CRI>90;157;
50282-L;LED E14 2700K 470lm CRI >90;115;
;;;
;Star - Taklampa · Vägglampa;;
36396F01S-000;Vit strukturlack RAL 9016;1818;
36396F15S-000;Svart strukturlack RAL 9005;1818;
36396F55-000;Rå stål;1893;
36396F69-000;Rå koppar;2257;
36396F70-000;Förnicklad mässing;2890;
36396F72-000;Rå mässing;2459;
50339;LED E14 2700 K 350 lm CRI>90;157;
50282-L;LED E14 2700K 470lm CRI >90;115;
;;;
;Star - Taklampa;;
35398-01S-000-N;Vit strukturlack RAL 9016;2060;
35398-15S-000-N;Svart strukturlack RAL 9005;2060;
35398-55-000-N;Rå stål;2157;
35398-69-000-N;Rå koppar;2564;
35398-70-000-N;Förnicklad mässing;3279;
35398-72-000-N;Rå mässing;2785;
50339;LED E14 2700 K 350 lm CRI>90;157;
50282-L;LED E14 2700K 470lm CRI >90;115;
;;;
;Stardust - Taklampa;;
;1;;
35690-72-000;Rå mässing;56735;
;;;
;2;;
35692-72-000;Rå mässing;120580;
;;;
;3;;
35693-72-000;Rå mässing;190297;
;;;
;Starlight - Taklampa · Vägglampa;;
;3;;
36060-01S-000;Vit strukturlack RAL 9016;5787;
36060-15S-000;Svart strukturlack RAL 9005;5787;
36060-69-000;Rå koppar;6596;
36060-70-000;Förnicklad mässing;8210;
36060-55-000;Rå stål;5874;
36060-72-000;Rå mässing;7010;
PPP35-3000;Förnicklat mässingsomtag med 3 meter vajer (per 2 st);971;
PPP30-3000;Kopparomtag med 3 meter vajer (per 2 st);580;
PPP36-3000;Mässingsomtag med 3 meter vajer (per 2 st);824;
;;;
;6;;
36061-01S-000;Vit strukturlack RAL 9016;10200;
36061-15S-000;Svart strukturlack RAL 9005;10200;
36061-55-000;Rå stål;9973;
36061-69-000;Rå koppar;11857;
36061-70-000;Förnicklad mässing;14626;
36061-72-000;Rå mässing;12692;
PPP35-3000;Förnicklat mässingsomtag med 3 meter vajer (per 2 st);971;
PPP30-3000;Kopparomtag med 3 meter vajer (per 2 st);580;
PPP36-3000;Mässingsomtag med 3 meter vajer (per 2 st);824;
;;;
;Starlight - Taklampa · Vägglampa;;
;Ø100cm;;
36391-01S-000;Vit strukturlack RAL 9016;26095;
36391-15S-000;Svart strukturlack RAL 9005;26095;
36391-55-000;Rå stål;26825;
36391-69-000;Rå koppar;32976;
36391-70-000;Förnicklad mässing;38887;
36391-72-000;Rå mässing;35387;
;;;
;Ø60cm;;
36390-01S-000;Vit strukturlack RAL 9016;17899;
36390-15S-000;Svart strukturlack RAL 9005;17899;
36390-55-000;Rå stål;18454;
36390-69-000;Rå koppar;22896;
36390-70-000;Förnicklad mässing;27089;
36390-72-000;Rå mässing;24604;
;;;
;Starlight - Taklampa · Vägglampa;;
;Fast montage;;
36392F01S-000;Vit strukturlack RAL 9016;2611;
36392F15S-000;Svart strukturlack RAL 9005;2611;
36392F55-000;Rå stål;2706;
36392F69-000;Rå koppar;3143;
36392F70-000;Förnicklad mässing;3886;
36392F72-000;Rå mässing;3424;
;;;
;Utvändig kabel;;
36392-01S-000;Vit strukturlack RAL 9016;3383;
36392-15S-000;Svart strukturlack RAL 9005;3383;
36392-55-000;Rå stål;3520;
36392-69-000;Rå koppar;3921;
36392-70-000;Förnicklad mässing;4770;
36392-72-000;Rå mässing;4296;
;;;
;Starlight - Taklampa · Vägglampa;;
;Fast montage med platta;;
36393F01S-000;Vit strukturlack RAL 9016;2175;
36393F15S-000;Svart strukturlack RAL 9005;2175;
36393F55-000;Rå stål;2251;
36393F69-000;Rå koppar;2611;
36393F70-000;Förnicklad mässing;3239;
36393F72-000;Rå mässing;2810;
;;;
;Starlight - Taklampa;;
;Pendel;;
35399-01S-000;Vit strukturlack RAL 9016;2416;
35399-15S-000;Svart strukturlack RAL 9005;2416;
35399-55-000;Rå stål;2512;
35399-69-000;Rå koppar;2914;
35399-70-000;Förnicklad mässing;3624;
35399-72-000;Rå mässing;3134;
;;;
;Streck - Vägglampa;;
;Fast montage med kopplingshus;;
30922F01-000;Vit RAL 9016;3524;
30922F02-000;Varmgrå RAL 7032;3524;
30922F13-000;Tallgrön RAL 6028;3524;
30922F15-000;Svart RAL 9005;3524;
;;;
;Streck - Bordslampa;;
38921-01-000;Vit RAL 9016;3801;
38921-02-000;Varmgrå RAL 7032;3801;
38921-13-000;Tallgrön RAL 6028;3801;
38921-15-000;Svart RAL 9005;3801;
;;;
;Streck - Vägglampa;;
;Utvändig kabel;;
30921-01-000;Vit RAL 9016;3621;
30921-02-000;Varmgrå RAL 7032;3621;
30921-13-000;Tallgrön RAL 6028;3621;
30921-15-000;Svart RAL 9005;3621;
;;;
;Fast montage;;
30921F01-000;Vit RAL 9016;3440;
30921F02-000;Varmgrå RAL 7032;3440;
30921F13-000;Tallgrön RAL 6028;3440;
30921F15-000;Svart RAL 9005;3440;
;;;
;Streck - Golvlampa;;
39921-01-000;Vit RAL 9016;4339;
39921-02-000;Varmgrå RAL 7032;4339;
39921-13-000;Tallgrön RAL 6028;4339;
39921-15-000;Svart RAL 9005;4339;
;;;
;Streck - Taklampa;;
;Stor;;
35923-01-000;Vit RAL 9016;5117;
35923-02-000;Varmgrå RAL 7032;5117;
35923-13-000;Tallgrön RAL 6028;5117;
35923-15-000;Svart RAL 9005;5117;
35923-25-000;Borstad mässing;7051;
;;;
;Liten;;
35924-01-000;Vit RAL 9016;4139;
35924-02-000;Varmgrå RAL 7032;4139;
35924-13-000;Tallgrön RAL 6028;4139;
35924-15-000;Svart RAL 9005;4139;
35924-25-000;Borstad mässing;5086;
;;;
;Streck - Vägglampa;;
;Fast montage med platta;;
30925F01-000;Vit RAL 9016;4056;
30925F15-000;Svart RAL 9005;4056;
30925F02-000;Varmgrå RAL 7032;4056;
30925F13-000;Tallgrön RAL 6028;4056;
;;;
;Utvändig kabel;;
30925-01-000;Vit RAL 9016;4212;
30925-15-000;Svart RAL 9005;4212;
30925-02-000;Varmgrå RAL 7032;4212;
30925-13-000;Tallgrön RAL 6028;4212;
;;;
;Streck - Vägglampa;;
;Fast montage med kopplingshus;;
30926F01-000;Vit RAL 9010;4150;
30926F15-000;Svart RAL 9005;4150;
30926F02-000;Varmgrå RAL 7032;4150;
30926F13-000;Tallgrön RAL 6028;4150;
;;;
;Stripe - Vägglampa · Badrumslampa;;
;Stor;;
30006F72-000-D;Rå mässing;7817;
;;;
;Liten;;
30007F72-000-D;Rå mässing;5720;
;;;
;Sun - Vägglampa · Badrumslampa;;
30983F01S-000-N;Vit strukturlack RAL 9016;3359;
30983F15S-000-N;Svart strukturlack RAL 9005;3359;
30983F72-000-N;Rå mässing;3999;
30983F69-000-N;Rå koppar;3869;
;;;
;Talk - Golvlampa;;
39364-01S-000-G;Vit RAL 9016 struktur, Brunt läder;4047;
39364-15S-000-G;Svart strukturlack RAL 9005, Brunt läder;4047;
;;;
;Talk - Bordslampa;;
38364-01S-000-G;Vit RAL 9016 struktur, Brunt läder;3685;
38364-15S-000-G;Svart strukturlack RAL 9005, Brunt läder;3685;
;;;
;Talk - Vägglampa;;
;Utvändig kabel;;
30364-01S-000-G;Vit RAL 9016 struktur, Brunt läder;3517;
30364-15S-000-G;Svart strukturlack RAL 9005, Brunt läder;3517;
;;;
;Fast montage;;
30364F01S-000-G;Vit RAL 9016, Brunt läder;3517;
30364F15S-000-G;Svart strukturlack RAL 9005, Brunt läder;3517;
;;;
;Tell - Taklampa;;
35077-01S-000;Vit strukturlack RAL 9016, Transparent kabel;7802;
35077-15S-000;Svart strukturlack RAL 9005, Transparent kabel;7802;
35077-69-000;Rå koppar, Transparent kabel;7315;
35077-72-000;Rå mässing, Transparent kabel;7719;
35077-25-000;Borstad mässing, Transparent kabel;8880;
35077-68-000;Borstad koppar, Transparent kabel;8500;
34624-01S;Skärm, vit strukturlack;2666;
34624-15S;Skärm, svart strukturlack;2666;
34624-69;Skärm, rå koppar;2842;
34624-72;Skärm, rå mässing;3056;
34624-25;Skärm borstad mässing;3276;
34624-68;Skärm borstad koppar;3063;
;;;
;Terrace - Taklampa;;
;Stor;;
35003-72-000;Rå mässing;29823;
35003-69-000;Rå koppar;29823;
50331;LED E27 2700K 680lm CRI>80;270;
;;;
;Liten;;
35006-69-000;Rå koppar;17900;
35006-72-000;Rå mässing;17900;
;;;
;Tratten - Utomhuslampa · Vägglampa;;
;Stor med fast LED;;
J30200F99-L;Rå koppar;5292;
J30200F71-L;Varmförzinkat stål;4527;
J30200F72-L;Rå mässing;5727;
;;;
;Stor E 27;;
J30200F99;Rå koppar;4770;
J30200F71;Varmförzinkat stål;3971;
J30200F72;Rå mässing;5224;
50300;LED E27 2700K 806lm CRI >80;134;
;;;
;Liten fast LED;;
J30201F69-N;Rå koppar;4067;
J30201F70-N;Förnicklad mässing;5486;
J30201F72-N;Rå mässing;4694;
;;;
;Tratten - Taklampa;;
;Stor;;
J35200-69-000;Rå koppar;3717;
J35200-72-000;Rå mässing;3998;
;;;
;Liten;;
J35201-69-000;Rå koppar;3047;
J35201-72-000;Rå mässing;3501;
J35201-70-000;Förnicklad mässing;3970;
;;;
;Vinge - Bordslampa;;
38860-01S-019-L;Vit strukturlack RAL 9016, Opalglas;8580;
38860-06-019-L;Röd RAL 2002 Blod orange, Opalglas;8580;
38860-15S-019-L;Svart strukturlack RAL 9005, Opalglas;9595;
50037;Opalglas (reserv);2339;
;;;
;Visir - Bordslampa;;
38056-69-000-N;Rå koppar;4460;
38056-72-000-N;Rå mässing;4538;
R1010;Grenkontakt 6-vägs;265;
50042;Glascylinder (reserv);452;
R1009;Laddare 18W med USB-C kabel;302;
;;;
;Visir - Vägglampa;;
;Fast montage;;
30056F01-000-N;Vit RAL 9016;2705;
30056F15-000-N;Svart RAL 9005;2705;
30056F69-000-N;Rå koppar;2999;
30056F72-000-N;Rå mässing;3080;
;;;
;Utvändig kabel;;
30056-01-000-N;Vit RAL 9016;2705;
30056-15-000-N;Svart RAL 9005;2705;
30056-69-000-N;Rå koppar;2999;
30056-72-000-N;Rå mässing;3080;
;;;
;Visir - Bordslampa;;
;Visir Ambience;;
38057-72-000-N;Rå mässing;4538;
38057-69-000-N;Rå koppar;4460;
R1009;Laddare 18W med USB-C kabel;302;
50042-2;Glascylinder (reserv);452;
R1010;Grenkontakt 6-vägs;265;
;;;
;Volver - Taklampa;;
;Stor;;
35070-25-019;Borstad mässing;7332;
35070-68-019;Borstad koppar;7228;
35070-02-019;Varmgrå RAL 7032;7020;
35070-06-019;Oxblod RAL 8015;7020;
;;;
;Liten;;
35071-25-019;Borstad mässing;4982;
35071-68-019;Borstad koppar;4878;
35071-02-019;Varmgrå RAL 7032;4670;
35071-06-019;Oxblod RAL 8015;4670;